{
     "aux-param-colorcorrection1": "0.520508",
    "aux-param-colorcorrection10": "-2.000000",
    "aux-param-colorcorrection11": "0.575195",
    "aux-param-colorcorrection12": "-0.411133",
    "aux-param-colorcorrection2": "1.990234",
    "aux-param-colorcorrection3": "1.506836",
    "aux-param-colorcorrection4": "-2.000000",
    "aux-param-colorcorrection5": "-2.000000",
    "aux-param-colorcorrection6": "-0.082031",
    "aux-param-colorcorrection7": "1.123047",
    "aux-param-colorcorrection8": "1.013672",
    "aux-param-colorcorrection9": "1.698242"
}