{
    "param-disableraucolor": 0,
    "param-disablesadcolor": 0,
    "param-disablesadnormalize": 0,
    "param-disablesloleftcolor": 0,
    "param-disableslorightcolor": 1,
    "param-lambdaad": 935,
    "param-lambdacensus": 26,
    "param-leftrightthreshold": 19,
    "param-maxscorethreshb": 887,
    "param-medianthreshold": 1021,
    "param-minscorethresha": 54,
    "param-neighborthresh": 97,
    "param-raumine": 3,
    "param-rauminn": 1,
    "param-rauminnssum": 6,
    "param-raumins": 3,
    "param-rauminw": 5,
    "param-rauminwesum": 11,
    "param-regioncolorthresholdb": 0.014525116743001514,
    "param-regioncolorthresholdg": 0.7081795895730004,
    "param-regioncolorthresholdr": 0.18219370378688518,
    "param-regionshrinku": 3,
    "param-regionshrinkv": 1,
    "param-regionspatialthresholdu": 7,
    "param-regionspatialthresholdv": 3,
    "param-robbinsmonrodecrement": 23,
    "param-robbinsmonroincrement": 3,
    "param-rsmdiffthreshold": 1.816745640601172,
    "param-rsmrauslodiffthreshold": 1.0,
    "param-rsmremovethreshold": 0.48617561168925416,
    "param-scanlineedgetaub": 16,
    "param-scanlineedgetaug": 259,
    "param-scanlineedgetaur": 896,
    "param-scanlinep1": 132,
    "param-scanlinep1onediscon": 77,
    "param-scanlinep1twodiscon": 234,
    "param-scanlinep2": 342,
    "param-scanlinep2onediscon": 390,
    "param-scanlinep2twodiscon": 151,
    "param-secondpeakdelta": 600,
    "param-texturecountthresh": 0,
    "param-texturedifferencethresh": 0,
    "param-usersm": 1
}