{
    "param-censususize": 9,
    "param-censusvsize": 9,
    "param-disableraucolor": 0,
    "param-disablesadcolor": 0,
    "param-disablesadnormalize": 0,
    "param-disablesloleftcolor": 0,
    "param-disableslorightcolor": 0,
    "param-lambdaad": 183,
    "param-lambdacensus": 26,
    "param-leftrightthreshold": 30,
    "param-maxscorethreshb": 1885,
    "param-medianthreshold": 696,
    "param-minscorethresha": 43,
    "param-neighborthresh": 43,
    "param-raumine": 6,
    "param-rauminn": 1,
    "param-rauminnssum": 2,
    "param-raumins": 3,
    "param-rauminw": 7,
    "param-rauminwesum": 7,
    "param-regioncolorthresholdb": 0.05,
    "param-regioncolorthresholdg": 0.03092604847265814,
    "param-regioncolorthresholdr": 0.41507045973435736,
    "param-regionshrinku": 4,
    "param-regionshrinkv": 1,
    "param-regionspatialthresholdu": 7,
    "param-regionspatialthresholdv": 3,
    "param-robbinsmonrodecrement": 9,
    "param-robbinsmonroincrement": 16,
    "param-rsmdiffthreshold": 6.447234381771916,
    "param-rsmrauslodiffthreshold": 0.2744664270016177,
    "param-rsmremovethreshold": 0.5661915140248058,
    "param-scanlineedgetaub": 69,
    "param-scanlineedgetaug": 72,
    "param-scanlineedgetaur": 124,
    "param-scanlinep1": 117,
    "param-scanlinep1onediscon": 33,
    "param-scanlinep1twodiscon": 64,
    "param-scanlinep2": 410,
    "param-scanlinep2onediscon": 80,
    "param-scanlinep2twodiscon": 74,
    "param-secondpeakdelta": 476,
    "param-texturecountthresh": 0,
    "param-texturedifferencethresh": 2817,
    "param-usersm": 1,
    "result": -71.79800597031867
}