{
    "param-censususize": 9,
    "param-censusvsize": 9,
    "param-disableraucolor": 0,
    "param-disablesadcolor": 0,
    "param-disablesadnormalize": 0,
    "param-disablesloleftcolor": 1,
    "param-disableslorightcolor": 0,
    "param-lambdaad": 686,
    "param-lambdacensus": 26,
    "param-leftrightthreshold": 20,
    "param-maxscorethreshb": 3440,
    "param-medianthreshold": 973,
    "param-minscorethresha": 90,
    "param-neighborthresh": 91,
    "param-raumine": 1,
    "param-rauminn": 1,
    "param-rauminnssum": 5,
    "param-raumins": 2,
    "param-rauminw": 6,
    "param-rauminwesum": 4,
    "param-regioncolorthresholdb": 0.29367143700253656,
    "param-regioncolorthresholdg": 0.012504143377510591,
    "param-regioncolorthresholdr": 0.05893324447962866,
    "param-regionshrinku": 4,
    "param-regionshrinkv": 1,
    "param-regionspatialthresholdu": 7,
    "param-regionspatialthresholdv": 3,
    "param-robbinsmonrodecrement": 2,
    "param-robbinsmonroincrement": 18,
    "param-rsmdiffthreshold": 5.89083925111254,
    "param-rsmrauslodiffthreshold": 0.421688050845725,
    "param-rsmremovethreshold": 0.4062114741986549,
    "param-scanlineedgetaub": 105,
    "param-scanlineedgetaug": 60,
    "param-scanlineedgetaur": 64,
    "param-scanlinep1": 170,
    "param-scanlinep1onediscon": 67,
    "param-scanlinep1twodiscon": 59,
    "param-scanlinep2": 386,
    "param-scanlinep2onediscon": 86,
    "param-scanlinep2twodiscon": 60,
    "param-secondpeakdelta": 463,
    "param-texturecountthresh": 0,
    "param-texturedifferencethresh": 3639,
    "param-usersm": 1,
    "result": -69.05536699602217
}