{
    "param-censususize": 8,
    "param-censusvsize": 9,
    "param-disableraucolor": 0,
    "param-disablesadcolor": 0,
    "param-disablesadnormalize": 0,
    "param-disablesloleftcolor": 0,
    "param-disableslorightcolor": 0,
    "param-lambdaad": 74,
    "param-lambdacensus": 26,
    "param-leftrightthreshold": 28,
    "param-maxscorethreshb": 1890,
    "param-medianthreshold": 871,
    "param-minscorethresha": 70,
    "param-neighborthresh": 113,
    "param-raumine": 1,
    "param-rauminn": 1,
    "param-rauminnssum": 5,
    "param-raumins": 3,
    "param-rauminw": 7,
    "param-rauminwesum": 7,
    "param-regioncolorthresholdb": 0.023324522891323397,
    "param-regioncolorthresholdg": 0.2913015808210784,
    "param-regioncolorthresholdr": 0.09389134817320013,
    "param-regionshrinku": 4,
    "param-regionshrinkv": 0,
    "param-regionspatialthresholdu": 7,
    "param-regionspatialthresholdv": 3,
    "param-robbinsmonrodecrement": 1,
    "param-robbinsmonroincrement": 1,
    "param-rsmdiffthreshold": 5.20603417754079,
    "param-rsmrauslodiffthreshold": 0.7110940140756449,
    "param-rsmremovethreshold": 0.5174833124815498,
    "param-scanlineedgetaub": 72,
    "param-scanlineedgetaug": 72,
    "param-scanlineedgetaur": 72,
    "param-scanlinep1": 176,
    "param-scanlinep1onediscon": 196,
    "param-scanlinep1twodiscon": 36,
    "param-scanlinep2": 414,
    "param-scanlinep2onediscon": 96,
    "param-scanlinep2twodiscon": 57,
    "param-secondpeakdelta": 310,
    "param-texturecountthresh": 8,
    "param-texturedifferencethresh": 0,
    "param-usersm": 1,
    "result": -67.58874334573693
}